question_id,question_text,source_type,generation_method,status,created_at,modified_at
f29aefee41298f9eddc31cbbc10e3970dc067f22143c7f7c5752cc2fe6660d2e,When does the health insurance enrollment period start?,document,LLM,active,2025-10-29T19:31:55.254Z,2025-10-29T19:31:55.255Z
b753cc4091103cd521842592a7ee66188af23b39a485963ae809279e45678ddf,What are the health insurance plan options available?,document,LLM,active,2025-10-29T19:31:55.254Z,2025-10-29T19:31:55.255Z
4641cee4e692f548be4f9de631211fdd1903ea1a23060c82eb3e1d942a8fbe06,When does health insurance coverage become effective?,document,LLM,active,2025-10-29T19:31:55.254Z,2025-10-29T19:31:55.255Z
8d64db97b362e163b244cf39b6314ecb09a7525b11b0dfd72804386496d61bc0,Can dependents be added to health insurance plans?,document,LLM,active,2025-10-29T19:31:55.254Z,2025-10-29T19:31:55.255Z
7b8d4cc8962467ca328c7cfd748d24322b4414238875f9f34f3f351c4eb55892,Are pre-existing conditions covered under the health insurance policy?,document,LLM,active,2025-10-29T19:31:55.254Z,2025-10-29T19:31:55.255Z
b61f3a1f609f2dceecb5e12f62d4081ecf3383237a6c27115d333a10982a05b4,What is the deadline for submitting health insurance claims?,document,LLM,active,2025-10-29T19:31:55.254Z,2025-10-29T19:31:55.255Z
4f68f3cd27a3e79c924c8520e3a86087eb79bcd79d77190360b999a8cab4b24a,Who can I contact for assistance with health insurance enrollment?,document,LLM,active,2025-10-29T19:31:55.254Z,2025-10-29T19:31:55.255Z
f69e3c93b0e5bbc0597809fb42188992760ad80c92b2b9480bc81a4b659b323c,Where can employees park?,document,LLM,active,2025-10-29T19:31:55.254Z,2025-10-29T19:31:55.255Z
860ae0f764dd3d96a757f7ea893d9a50f7f8da004fe5c9772ade16c11bfe4dfa,How can I obtain a parking permit?,document,LLM,active,2025-10-29T19:31:55.254Z,2025-10-29T19:31:55.255Z
45705f23c8ad470a8888eb1f83d1e77e8cd426d9303e91cda4ab9eb2e642e71a,Is visitor parking available?,document,LLM,active,2025-10-29T19:31:55.254Z,2025-10-29T19:31:55.255Z
36529e0967688494c71969b03430c4d0ec978dd43c81c95ff08e5d05fde756a0,Can I park in reserved or handicap spaces?,document,LLM,active,2025-10-29T19:31:55.254Z,2025-10-29T19:31:55.255Z
5ba0ee0bdb6592920758e59be92f1fbb1c459a16d7b0638c329a1572b85284d4,What is the policy for overnight parking?,document,LLM,active,2025-10-29T19:31:55.254Z,2025-10-29T19:31:55.255Z
5cdb2cd5ca9ec7fe264ecd15105df8adde57b4dd60831cbca54ea02884858fc2,Who should I contact for parking issues?,document,LLM,active,2025-10-29T19:31:55.254Z,2025-10-29T19:31:55.255Z
45ed025d96de9f1767c92f5a7de618134caef52179dbe300b0d12a6472cd508d,What happens if I violate the parking policy?,document,LLM,active,2025-10-29T19:31:55.254Z,2025-10-29T19:31:55.255Z
f66842d5f7819b4cb19961de36e254f2619fc5ab0c58d4f369917684cfab9728,Is the company responsible for damage or theft in the parking area?,document,LLM,active,2025-10-29T19:31:55.254Z,2025-10-29T19:31:55.255Z
88e7420ff707cbe172ba283be589ca748998bba9d9b572bdfa8b145626c696a2,What is the company policy on using email for personal purposes?,document,LLM,active,2025-10-29T19:31:55.254Z,2025-10-29T19:31:55.255Z
31a08e1df3b1d4c2e1024c1998beb8bd9b118b5c78e42c80cbfe4adab1c48142,Are employees responsible for the content of their emails?,document,LLM,active,2025-10-29T19:31:55.254Z,2025-10-29T19:31:55.255Z
1456f7fb640f4183fa660841c708911be3c30f86752a1ed42d7bdd048864cd15,Is company email subject to monitoring and review?,document,LLM,active,2025-10-29T19:31:55.254Z,2025-10-29T19:31:55.255Z
1d1d172056f26d1f9e985f089f67000d7df327eb13882b91cbd3ebceda9ac727,How should confidential information be handled in emails?,document,LLM,active,2025-10-29T19:31:55.254Z,2025-10-29T19:31:55.255Z
92dcb9bbb74e7979aa3ca19028ef638f1a386c533401ceeb2792ce1987044c2c,Should sensitive data in emails be encrypted?,document,LLM,active,2025-10-29T19:31:55.254Z,2025-10-29T19:31:55.255Z
e5500683f9c17c6630ab7b4fe2b6790b56d08df46377727ecf4c66b7ae1d5b8a,What is the policy on scanning email attachments for viruses?,document,LLM,active,2025-10-29T19:31:55.254Z,2025-10-29T19:31:55.255Z
1574ae5e08917dd26acbd907e660ecd1346e1c6498d852598a133dd0e3277feb,How long should emails be retained according to company policy?,document,LLM,active,2025-10-29T19:31:55.254Z,2025-10-29T19:31:55.255Z
b87f021b863285b2b94fbb368e063a75f38d58b63a72b2277a1fc04648d211b0,Who is eligible for parental leave?,document,LLM,active,2025-10-29T19:31:55.254Z,2025-10-29T19:31:55.255Z
73b5b0e0283a6ebc425944f4e016571bbb7d246a14e9c8816ebfabfda3c7cf50,How many weeks of paid leave do birth parents receive?,document,LLM,active,2025-10-29T19:31:55.254Z,2025-10-29T19:31:55.255Z
329cb342012a6ef9a95bc0c461c046138d76010458277802b89ed4c30e484e4c,What is the duration of paid leave for non-birth parents?,document,LLM,active,2025-10-29T19:31:55.254Z,2025-10-29T19:31:55.255Z
72ca5c0c3a6bda589c727fcc8d8544eb3656baab02a80c6402282c3c8fe2d36a,How far in advance should HR be notified about parental leave?,document,LLM,active,2025-10-29T19:31:55.254Z,2025-10-29T19:31:55.255Z
434e36d42390bcf0848f4bb7fadbd3fd8421a73d8882728d38b2e3e600d675e6,Do health insurance benefits continue during parental leave?,document,LLM,active,2025-10-29T19:31:55.254Z,2025-10-29T19:31:55.255Z
c98fcadf7696e2f00e49aaebcaa8975ba02622262ad9c3c5a4f586536942c5ad,When are annual performance reviews conducted?,document,LLM,active,2025-10-29T19:31:55.254Z,2025-10-29T19:31:55.255Z
2af839a39a7e47517a293cebebb0ea80c6153e65fc65f71d510d3f6df5d3de89,What is the deadline for employees to complete self-assessments?,document,LLM,active,2025-10-29T19:31:55.254Z,2025-10-29T19:31:55.255Z
c6e59646d94d44ab8ad7d27dc3c7cb44124e77a83b054c173a5eab41df83df4e,By what date must managers complete employee reviews?,document,LLM,active,2025-10-29T19:31:55.254Z,2025-10-29T19:31:55.255Z
65015bcdc59f2e78dea43efe09cc93a35f0ff931bbf855cb4899465af0992a30,When are one-on-one review meetings scheduled?,document,LLM,active,2025-10-29T19:31:55.254Z,2025-10-29T19:31:55.255Z
7cad6441300aa67850f928ed948e6bd9028a807c5f20592dc5c1d0dd61576133,What are the possible performance ratings in the annual review process?,document,LLM,active,2025-10-29T19:31:55.254Z,2025-10-29T19:31:55.255Z
730ea6a1225380ce9d9f57c0526ab5090bd6eb4e5ef9787ad847f65e663bda55,How many sick days are employees entitled to per year?,document,LLM,active,2025-10-29T19:31:55.254Z,2025-10-29T19:31:55.255Z
a60c54ad6b3756582a219abb8865383b9001f38eefca075db3880ce70872e5f1,Do sick days roll over to the next year?,document,LLM,active,2025-10-29T19:31:55.254Z,2025-10-29T19:31:55.255Z
9e2e962f4c1e9695ae9165b80789bf230d0e609179618240a8599597b6e9a986,What are the standard work hours for employees?,document,LLM,active,2025-10-29T19:31:55.254Z,2025-10-29T19:31:55.255Z
95f491fe54f7604e5ee2707d79482dc8ef9973e0279c70a95ecea942669aa261,What benefits are available to full-time employees?,document,LLM,active,2025-10-29T19:31:55.254Z,2025-10-29T19:31:55.255Z
bbcf029b596dd09487687fffd9ad8d2b2410b8b1b639959c17ff25a848c59eb7,"When do full-time employees become eligible for health insurance, dental, and vision benefits?",document,LLM,active,2025-10-29T19:31:55.254Z,2025-10-29T19:31:55.255Z
b9bf13fdd855b93d154b96651d03ae452819317c8d1b57e743a186fc12202a48,What is the deadline for submitting expense reports?,document,LLM,active,2025-10-29T19:31:55.254Z,2025-10-29T19:31:55.255Z
d658eaed3bc44a3e13fdccdd61b67abd706fbd5ee96d6c242127b254598abd08,Are receipts required for all expenses?,document,LLM,active,2025-10-29T19:31:55.254Z,2025-10-29T19:31:55.255Z
9abaae2ce9a44a762667fe0c7f764adf8bd769dd1280ea4ef16c7f89d7496d8c,Who needs to approve expense reports?,document,LLM,active,2025-10-29T19:31:55.254Z,2025-10-29T19:31:55.255Z
66f70ca87e495b3cdee1abdc4f033d8aa661bae34abbb17f8d6b08f11bb22d70,How long does it take to get reimbursed for approved expenses?,document,LLM,active,2025-10-29T19:31:55.254Z,2025-10-29T19:31:55.255Z
fb6b366129f92d88d36b190d44d489ff7ade64eeba0df52292f955f559ef7a68,What is the minimum expense amount requiring a receipt?,document,LLM,active,2025-10-29T19:31:55.254Z,2025-10-29T19:31:55.255Z
bcb09906cf6593365ea6308aa5790339924e7d636f3032d687e2dd3383a01e78,What is the company's policy on professional behavior?,document,LLM,active,2025-10-29T19:31:55.254Z,2025-10-29T19:31:55.255Z
227bc017eaed555a4c34e67df686eadf4921d36d8c9a99c46a58314407ff1872,What actions are considered harassment in the workplace?,document,LLM,active,2025-10-29T19:31:55.254Z,2025-10-29T19:31:55.255Z
87e1a45157163f942ef4a752254d34a95b3caf7a8f1b95d7c6b25be183fc1294,How should employees handle conflicts of interest?,document,LLM,active,2025-10-29T19:31:55.254Z,2025-10-29T19:31:55.255Z
7eab99d2facfe82de8bf89a9bbea2cdc393ef875c30e486901429e5adbcc1d3d,What are the guidelines for maintaining confidentiality at work?,document,LLM,active,2025-10-29T19:31:55.254Z,2025-10-29T19:31:55.255Z
f3cc31de76ab28b4f5337c4927f6a482ba0cde876506948db05ff8697735a66e,When are employees paid?,document,LLM,active,2025-10-29T19:31:55.254Z,2025-10-29T19:31:55.255Z
feae93a3b8aa895bf5f878108a5369cb9b32395b4e87bd16948a3909357db9d1,What taxes are withheld from paychecks?,document,LLM,active,2025-10-29T19:31:55.254Z,2025-10-29T19:31:55.255Z
e99f44c8e9e09e5eaa155774cd492ac409ae92fbd8fdfca18d7ab13fac266a92,How do employees set up direct deposit?,document,LLM,active,2025-10-29T19:31:55.254Z,2025-10-29T19:31:55.255Z
0a273c5f40c27b21443b02a67699c9194980f451bf5c8830531f38a77563ebf1,Where can employees access their pay stubs?,document,LLM,active,2025-10-29T19:31:55.254Z,2025-10-29T19:31:55.255Z
ffb961d88fa923b1c256f3f7c3562719b4d8c16ef54d521feba775a152b94532,How is vacation time accrued based on tenure?,document,LLM,active,2025-10-29T19:31:55.254Z,2025-10-29T19:31:55.255Z
b176514bf8fc85ba0a4f0e2e0977bb3346168df7d17009d022052fec90da91d1,What is the vacation accrual rate for employees with 0-2 years of tenure?,document,LLM,active,2025-10-29T19:31:55.254Z,2025-10-29T19:31:55.255Z
29f296ad793bb469ce281fc7c70d4ed5b8f5ea3094f34c8a1ffdb3098be559f6,How many vacation days do employees with 3-5 years of tenure receive?,document,LLM,active,2025-10-29T19:31:55.254Z,2025-10-29T19:31:55.255Z
b99f036b2262275049477202beab089c565370dc781a2cc9041949b4da380ced,What is the vacation policy for employees with 6+ years of tenure?,document,LLM,active,2025-10-29T19:31:55.254Z,2025-10-29T19:31:55.255Z
722eb6c51f867367a66d68e886c1209ab6b0d3a2be6cb5d8bb6023a66d7e3c4d,What is the maximum carryover of vacation days per year?,document,LLM,active,2025-10-29T19:31:55.254Z,2025-10-29T19:31:55.255Z
f66ac33df6eeb7e0b09cf6bfbb7a9c6b1c845a0a495c4e6fea36cfa1329447cb,When must vacation be requested?,document,LLM,active,2025-10-29T19:31:55.254Z,2025-10-29T19:31:55.255Z
859890184a5627bb08169422b48892cd672fcb9c30610789e17bb841b866ae10,What happens to unused vacation days at the end of the year?,document,LLM,active,2025-10-29T19:31:55.254Z,2025-10-29T19:31:55.255Z
ed8e76b16bb43450c0f783bdf2bec7a7c6d30b581a40c85b972bc9f95d960c21,Can managers deny vacation requests during peak business periods?,document,LLM,active,2025-10-29T19:31:55.254Z,2025-10-29T19:31:55.255Z
7273fe4d180af47d4af4afb01de10c7209fddad1217cdcb792630c6c27d204a6,What health insurance plans are available for employees?,document,LLM,active,2025-10-29T19:31:55.254Z,2025-10-29T19:31:55.255Z
2e7b736d71c1ec1372978dc670b4621730dfc3e37152f19a2f7baddbb0da511d,What types of coverage are included in the health insurance plans?,document,LLM,active,2025-10-29T19:31:55.254Z,2025-10-29T19:31:55.255Z
fa850b711de5ee9ec91d519e9d6ee2c21d0b013481d6e6c6d540af13c5fdc5d0,When is the open enrollment period for health insurance?,document,LLM,active,2025-10-29T19:31:55.254Z,2025-10-29T19:31:55.255Z
fc6bf0ff097412a9ef8b6c3d9aa1cfa3be03de0adb50ea61b1df4905bbe16f4f,Can employees add dependents to their health insurance plan?,document,LLM,active,2025-10-29T19:31:55.254Z,2025-10-29T19:31:55.255Z
d02d23e57b4efa3b9e118ebac4805b96b74821d23fead864b8d2e7fd6ad12022,What is the remote work eligibility policy?,document,LLM,active,2025-10-29T19:31:55.254Z,2025-10-29T19:31:55.255Z
c5b175de6e42a462850fdff4c617b73c4b92547ca2a13adbcf694c5393f6fa7a,How many days per week can employees work remotely?,document,LLM,active,2025-10-29T19:31:55.254Z,2025-10-29T19:31:55.255Z
f238d6b8a44bbfba8e7c98776b298830b1da271c834b05162201095a38888e6c,What equipment does the company provide for remote work?,document,LLM,active,2025-10-29T19:31:55.254Z,2025-10-29T19:31:55.255Z
0d08e2eab477c089cf592b1be153ff890bbe3a35b1d29054822ca487fd992987,What are the core business hours for remote employees?,document,LLM,active,2025-10-29T19:31:55.254Z,2025-10-29T19:31:55.255Z
6b13690eb1847c2c8f5dc846bf1d5434e5bfe04677ddf4abce3c60f1245e71f3,Do employees need manager approval to work remotely?,document,LLM,active,2025-10-29T19:31:55.254Z,2025-10-29T19:31:55.255Z
2d16d01b118f4d9c1916c8af7c9c407fd3387736f4ce073380ed6163f97986ed,What is the maximum reimbursement for meals during domestic travel?,document,LLM,active,2025-10-29T19:31:55.254Z,2025-10-29T19:31:55.255Z
f082fc27b3166b8a21fca1a3f53c87597d40d61afb11b8a529afb241cf73e577,What is the nightly limit for hotel accommodations on domestic trips?,document,LLM,active,2025-10-29T19:31:55.254Z,2025-10-29T19:31:55.255Z
18cf69d1b1df7f920c59a2bb8c17f8e790d8afdf8324d81938bdb57a4b6e2d4c,Do I need manager approval for business travel?,document,LLM,active,2025-10-29T19:31:55.254Z,2025-10-29T19:31:55.255Z
c23c53660eeb5d351072fba33ab292f888bed81ae64935e9c962c9e045ead24b,What class should I book for domestic flights?,document,LLM,active,2025-10-29T19:31:55.254Z,2025-10-29T19:31:55.255Z
171e88489d4a5f5d2fec88f8d56c6af5a7b87ee4383ed2d3d7e6bbb59c2c8cd4,What are the password requirements for employees?,document,LLM,active,2025-10-29T19:31:55.254Z,2025-10-29T19:31:55.255Z
ecec0d9bc8eac3f215fdb7bd94b920941defc1253ebd617f05e031c4d388953a,How often should passwords be changed?,document,LLM,active,2025-10-29T19:31:55.254Z,2025-10-29T19:31:55.255Z
e23980ba9d88f7cc45875d2ebd8133987525562dedf6816b83c66c6d923b2396,Is multi-factor authentication required for accessing sensitive data?,document,LLM,active,2025-10-29T19:31:55.254Z,2025-10-29T19:31:55.255Z
