answer_id,question_id,answer_text,answer_format,confidence_score,status,created_at,modified_at
3cfd955373c5a47d686687cc2bfdbb315fd5e18426a92e53c7fb08c590bec91c,0a273c5f40c27b21443b02a67699c9194980f451bf5c8830531f38a77563ebf1,Employees can access their pay stubs through the employee portal.,html,null,active,2025-10-29T19:33:39.141Z,2025-10-29T19:33:39.142Z
40f925e47a0d41009a21a82a92978373cb59d2d8383650f45593492a9f4eee65,0d08e2eab477c089cf592b1be153ff890bbe3a35b1d29054822ca487fd992987,Remote employees must be available during core business hours (10 AM - 3 PM EST).,html,null,active,2025-10-29T19:33:39.141Z,2025-10-29T19:33:39.142Z
604b1830161ceb0b429154f60fcdcf695bb21f76bfab094a89259424a5a2516d,1456f7fb640f4183fa660841c708911be3c30f86752a1ed42d7bdd048864cd15,"Yes, company email is subject to monitoring and review by the company.",html,null,active,2025-10-29T19:33:39.141Z,2025-10-29T19:33:39.142Z
5d5916b07206148742849f84f96790633daf34f203476a5e1260d8fadad6f4f1,1574ae5e08917dd26acbd907e660ecd1346e1c6498d852598a133dd0e3277feb,I do not have enough information to answer this question.,html,null,active,2025-10-29T19:33:39.141Z,2025-10-29T19:33:39.142Z
7e8b2aee9fe2245b06f7db6c9a0ac7978309bf9085bb6691fee5b79cdfc8a51b,171e88489d4a5f5d2fec88f8d56c6af5a7b87ee4383ed2d3d7e6bbb59c2c8cd4,The password requirements for employees are as follows:<ol><li>Passwords must have a minimum of 8 characters.</li><li>Passwords must be changed every 90 days.</li><li>Multi-Factor Authentication (MFA) is required for systems containing sensitive data.</li></ol>,html,null,active,2025-10-29T19:33:39.141Z,2025-10-29T19:33:39.142Z
0a1c95d3d37a82fc42d1b1ab1c1f707d8a90e93efbad29c7c5e353e1723e85ef,18cf69d1b1df7f920c59a2bb8c17f8e790d8afdf8324d81938bdb57a4b6e2d4c,"Yes, all business travel must be pre-approved by your manager.",html,null,active,2025-10-29T19:33:39.141Z,2025-10-29T19:33:39.142Z
6f06b3535b1549d78db17984e833aea55f6e52cb8a7163bcce241ce4c41ed4e7,1d1d172056f26d1f9e985f089f67000d7df327eb13882b91cbd3ebceda9ac727,Confidential information in emails should be handled as follows:<ol><li>Mark the information as confidential.</li><li>Use encryption for sensitive data.</li><li>Scan attachments for viruses.</li><li>Retain emails according to the company retention policy.</li></ol>,html,null,active,2025-10-29T19:33:39.141Z,2025-10-29T19:33:39.142Z
2fdae25148ff184687518223bb55228fce42af3f75198cca97e7a526b2d84051,227bc017eaed555a4c34e67df686eadf4921d36d8c9a99c46a58314407ff1872,I do not have enough information to answer this question.,html,null,active,2025-10-29T19:33:39.141Z,2025-10-29T19:33:39.142Z
10466a5232a880bb313ddf081646e4a508323e4b328cd13d6487b43de48d9abd,29f296ad793bb469ce281fc7c70d4ed5b8f5ea3094f34c8a1ffdb3098be559f6,Employees with 3-5 years of tenure receive 15 vacation days per year.,html,null,active,2025-10-29T19:33:39.141Z,2025-10-29T19:33:39.142Z
477e6e3f3a2a75f2f809050c43897187d2e5e75b5281076ff242cad39b9d9378,2af839a39a7e47517a293cebebb0ea80c6153e65fc65f71d510d3f6df5d3de89,Employees must complete self-assessments by January 15.,html,null,active,2025-10-29T19:33:39.141Z,2025-10-29T19:33:39.142Z
438958a9b47319139018d1f7a676172ceea8ec67b78785d9c7c6c56283a95ece,2d16d01b118f4d9c1916c8af7c9c407fd3387736f4ce073380ed6163f97986ed,The maximum reimbursement for meals during domestic travel is $50 per day.,html,null,active,2025-10-29T19:33:39.141Z,2025-10-29T19:33:39.142Z
145ab9e04a285c49575bcdd8424a49894acc6155fa02a1c249e923f8dac2fc7d,2e7b736d71c1ec1372978dc670b4621730dfc3e37152f19a2f7baddbb0da511d,"All health insurance plans include medical, dental, and vision coverage.",html,null,active,2025-10-29T19:33:39.141Z,2025-10-29T19:33:39.142Z
53f5bf192a872cc5000e6e969c4974ddc3f0009532a889d713aec1017e124e22,31a08e1df3b1d4c2e1024c1998beb8bd9b118b5c78e42c80cbfe4adab1c48142,"Yes, employees are responsible for the content of their emails.",html,null,active,2025-10-29T19:33:39.141Z,2025-10-29T19:33:39.142Z
ee7e9577192e9d4b9b1bd450eb180aa7a1f5ddc8f3bec4052b2880d434e0b803,329cb342012a6ef9a95bc0c461c046138d76010458277802b89ed4c30e484e4c,Non-birth parents receive 6 weeks of paid parental leave.,html,null,active,2025-10-29T19:33:39.141Z,2025-10-29T19:33:39.142Z
0631d4dcc5d03c111ae2aab2eb4d1b280a7df5103d65eb89a7ad7f237a897055,36529e0967688494c71969b03430c4d0ec978dd43c81c95ff08e5d05fde756a0,"No, you cannot park in reserved or handicap spaces without authorization.",html,null,active,2025-10-29T19:33:39.141Z,2025-10-29T19:33:39.142Z
b0070ea8e781230632c2e01ddb269f3f39661732ee72c143c6d84935a652e5c7,434e36d42390bcf0848f4bb7fadbd3fd8421a73d8882728d38b2e3e600d675e6,"Yes, health insurance benefits continue during parental leave.",html,null,active,2025-10-29T19:33:39.141Z,2025-10-29T19:33:39.142Z
4dec367c115bf4788654ee826c2cfd98902d79ef9f449ae3117b3a9d4321ff33,45705f23c8ad470a8888eb1f83d1e77e8cd426d9303e91cda4ab9eb2e642e71a,"Yes, visitor parking is available in the front lot.",html,null,active,2025-10-29T19:33:39.141Z,2025-10-29T19:33:39.142Z
73912d80ab73e77ba4317e48cdfa2482d1d783ae0bca24180620892815118b13,45ed025d96de9f1767c92f5a7de618134caef52179dbe300b0d12a6472cd508d,Violating the parking policy may result in towing at the owner's expense.,html,null,active,2025-10-29T19:33:39.141Z,2025-10-29T19:33:39.142Z
ebd466810f886a87d9289edca90ea27c2f93cbdc29a684be79df3b3ef2c38d95,4641cee4e692f548be4f9de631211fdd1903ea1a23060c82eb3e1d942a8fbe06,Health insurance coverage becomes effective on January 1st of the following year after enrollment.,html,null,active,2025-10-29T19:33:39.141Z,2025-10-29T19:33:39.142Z
c5ae1780eee75cd840ef84110df1b115a7bba74a95f0e43dfa6f87b19dfd6c9d,4f68f3cd27a3e79c924c8520e3a86087eb79bcd79d77190360b999a8cab4b24a,You can contact benefits@company.com for assistance with health insurance enrollment.,html,null,active,2025-10-29T19:33:39.141Z,2025-10-29T19:33:39.142Z
e33c547ccfdbe4d9c4b0329d8febec5193688a4efb39c42338cbab6d305b8695,5ba0ee0bdb6592920758e59be92f1fbb1c459a16d7b0638c329a1572b85284d4,Overnight parking requires security approval.,html,null,active,2025-10-29T19:33:39.141Z,2025-10-29T19:33:39.142Z
d6b7f611f2f1d5cc3721f310543a313ce3838051ffd93fcbedd6c92294cea843,5cdb2cd5ca9ec7fe264ecd15105df8adde57b4dd60831cbca54ea02884858fc2,Contact facilities@company.com for parking issues.,html,null,active,2025-10-29T19:33:39.141Z,2025-10-29T19:33:39.142Z
2999bef5c34e5afc30a807c96b68deb666c5f86af7103235348800ac9e0b8a9b,65015bcdc59f2e78dea43efe09cc93a35f0ff931bbf855cb4899465af0992a30,One-on-one review meetings are scheduled in February.,html,null,active,2025-10-29T19:33:39.141Z,2025-10-29T19:33:39.142Z
bbe8b954c284c0d6e15d2b94a8b0697332df87cd05117692428327ec439c4fb2,66f70ca87e495b3cdee1abdc4f033d8aa661bae34abbb17f8d6b08f11bb22d70,Approved expenses are reimbursed within 2 weeks via direct deposit.,html,null,active,2025-10-29T19:33:39.141Z,2025-10-29T19:33:39.142Z
aab42c6188668d2c0d47537001120118366fcf0eefa904cd79ea2b9883168066,6b13690eb1847c2c8f5dc846bf1d5434e5bfe04677ddf4abce3c60f1245e71f3,"Yes, employees need manager approval to work remotely.",html,null,active,2025-10-29T19:33:39.141Z,2025-10-29T19:33:39.142Z
0c44e7d33514ccf23b1a2cb68f9d1dcc3fa81cd22932413d79e1dd472b93a415,722eb6c51f867367a66d68e886c1209ab6b0d3a2be6cb5d8bb6023a66d7e3c4d,The maximum carryover of vacation days per year is 5 days.,html,null,active,2025-10-29T19:33:39.141Z,2025-10-29T19:33:39.142Z
46907f9c569cd7b539e4b09f81eef8a6a0045a7917f018e1efd72dfe40688857,7273fe4d180af47d4af4afb01de10c7209fddad1217cdcb792630c6c27d204a6,"Three health insurance plans are available for employees: Basic, Standard, and Premium.",html,null,active,2025-10-29T19:33:39.141Z,2025-10-29T19:33:39.142Z
cf9cd2b8ebe8f93f557de76ceaf981c85881575b9f6782993a7645012777e6b8,72ca5c0c3a6bda589c727fcc8d8544eb3656baab02a80c6402282c3c8fe2d36a,Notify HR at least 30 days before the anticipated leave start date.,html,null,active,2025-10-29T19:33:39.141Z,2025-10-29T19:33:39.142Z
16663b3be7d8a9681e7b19890bbba8d1349811d146630ebf2602fa05314942b8,730ea6a1225380ce9d9f57c0526ab5090bd6eb4e5ef9787ad847f65e663bda55,Employees are entitled to 10 sick days per calendar year.,html,null,active,2025-10-29T19:33:39.141Z,2025-10-29T19:33:39.142Z
82e2452804cc91c8ef4e94fe4f4e61bb1ab15527b9a3ebbf78ef10f537c15760,73b5b0e0283a6ebc425944f4e016571bbb7d246a14e9c8816ebfabfda3c7cf50,Birth parents receive 12 weeks of paid parental leave.,html,null,active,2025-10-29T19:33:39.141Z,2025-10-29T19:33:39.142Z
f60ddf2dd55adf014da9fbcd6edf9521a82020bf5aa792cafd638ed0b35f063d,7b8d4cc8962467ca328c7cfd748d24322b4414238875f9f34f3f351c4eb55892,"Yes, pre-existing conditions are covered under the health insurance policy without waiting periods.",html,null,active,2025-10-29T19:33:39.141Z,2025-10-29T19:33:39.142Z
d191c885c37306acab2acd6ac372dfb925c3b60eac7f1aef91daa0cbb9b37713,7cad6441300aa67850f928ed948e6bd9028a807c5f20592dc5c1d0dd61576133,The possible performance ratings in the annual review process are:<ul><li>Exceeds Expectations</li><li>Meets Expectations</li><li>Needs Improvement</li></ul>,html,null,active,2025-10-29T19:33:39.141Z,2025-10-29T19:33:39.142Z
b703949faaf5df2ee2e39aa29a97949358df5843fe4fe84173ed945c0ac15ce0,7eab99d2facfe82de8bf89a9bbea2cdc393ef875c30e486901429e5adbcc1d3d,Employees must protect confidential company information.,html,null,active,2025-10-29T19:33:39.141Z,2025-10-29T19:33:39.142Z
a129d7ee92d219c79e526d0e5bb7cc3b787aeb41673057a86d30afc1ebab9ad4,859890184a5627bb08169422b48892cd672fcb9c30610789e17bb841b866ae10,Unused vacation days exceeding the 5-day carryover limit are forfeited at the end of the year.,html,null,active,2025-10-29T19:33:39.141Z,2025-10-29T19:33:39.142Z
5dee990dc7b026987e8353f3a03369a1a4c72a8fbbf6d49f0d3cf29624d4ebce,860ae0f764dd3d96a757f7ea893d9a50f7f8da004fe5c9772ade16c11bfe4dfa,"To obtain a parking permit, contact facilities at facilities@company.com.",html,null,active,2025-10-29T19:33:39.141Z,2025-10-29T19:33:39.142Z
41693d263e72777d46e5e0429365a5bf9f5fd04b9756aa090c8c5d2aa6fbce9a,87e1a45157163f942ef4a752254d34a95b3caf7a8f1b95d7c6b25be183fc1294,Employees should disclose any conflicts of interest to their manager.,html,null,active,2025-10-29T19:33:39.141Z,2025-10-29T19:33:39.142Z
bb27e177ba30a654e3b0c537b209574e953d36750a2e58c14723d7f054266890,88e7420ff707cbe172ba283be589ca748998bba9d9b572bdfa8b145626c696a2,The company policy on using email for personal purposes states that personal use should be minimal and must not interfere with work.,html,null,active,2025-10-29T19:33:39.141Z,2025-10-29T19:33:39.142Z
2414024fcfe3840c748d0e02139e362ea2df4ab6240c3bdcc681b95ee19fec30,8d64db97b362e163b244cf39b6314ecb09a7525b11b0dfd72804386496d61bc0,"Yes, dependents can be added to health insurance plans for an additional cost.",html,null,active,2025-10-29T19:33:39.141Z,2025-10-29T19:33:39.142Z
48c0ac46961950df763b21bb028efef178dbb888c28cdc3c1c5932a3d70a981b,92dcb9bbb74e7979aa3ca19028ef638f1a386c533401ceeb2792ce1987044c2c,"Yes, sensitive data in emails should be encrypted as stated in the company email policy.",html,null,active,2025-10-29T19:33:39.141Z,2025-10-29T19:33:39.142Z
1bcb1cebbe888924f3a5c5e3b49cf3f61dadd757b86b7d787da173e98e3fb05a,95f491fe54f7604e5ee2707d79482dc8ef9973e0279c70a95ecea942669aa261,Full-time employees are eligible for the following benefits:<ul><li>Health insurance</li><li>Dental coverage</li><li>Vision benefits</li></ul>Eligibility begins after 90 days of employment.,html,null,active,2025-10-29T19:33:39.141Z,2025-10-29T19:33:39.142Z
876ed75286e3ac03cdff1e3e17939159d0ae6a9740a6534a0316c017bdf5f19a,9abaae2ce9a44a762667fe0c7f764adf8bd769dd1280ea4ef16c7f89d7496d8c,Expense reports must be approved by your direct manager.,html,null,active,2025-10-29T19:33:39.141Z,2025-10-29T19:33:39.142Z
f2def9b278ca191fc254076b9d6dfdde50ea28ca7b18f5a249e8f98e162c8c9e,9e2e962f4c1e9695ae9165b80789bf230d0e609179618240a8599597b6e9a986,"Standard work hours are Monday through Friday, 9:00 AM to 5:00 PM.",html,null,active,2025-10-29T19:33:39.141Z,2025-10-29T19:33:39.142Z
d03f5aed1b448adec1a0050c7c43e37cfd88c936671514821cd9bb87712009cc,a60c54ad6b3756582a219abb8865383b9001f38eefca075db3880ce70872e5f1,"No, sick days do not roll over to the next year.",html,null,active,2025-10-29T19:33:39.141Z,2025-10-29T19:33:39.142Z
bffe6c643c986cc85aacffc845e8f6064536265d2d77c8dee3fb3fc9e3ea3c59,b176514bf8fc85ba0a4f0e2e0977bb3346168df7d17009d022052fec90da91d1,The vacation accrual rate for employees with 0-2 years of tenure is 10 days per year.,html,null,active,2025-10-29T19:33:39.141Z,2025-10-29T19:33:39.142Z
34474df715f485569c1772e1a7c5a19d8f9976574e4631e4d7a60e57b7e44017,b61f3a1f609f2dceecb5e12f62d4081ecf3383237a6c27115d333a10982a05b4,Claims should be submitted within 90 days of service.,html,null,active,2025-10-29T19:33:39.141Z,2025-10-29T19:33:39.142Z
eff30d89a074f21b6b1e065cd07614b654ddfbd440e71765cd175474a4243cd0,b753cc4091103cd521842592a7ee66188af23b39a485963ae809279e45678ddf,Employees may choose from three health insurance plan options:<ul><li>Basic</li><li>Standard</li><li>Premium</li></ul>,html,null,active,2025-10-29T19:33:39.141Z,2025-10-29T19:33:39.142Z
c7feaf35bd3989afb1e1b059e3b9b3e93bba97ac6d7063ce0e16214ff68b5938,b87f021b863285b2b94fbb368e063a75f38d58b63a72b2277a1fc04648d211b0,All full-time employees are eligible for parental leave.,html,null,active,2025-10-29T19:33:39.141Z,2025-10-29T19:33:39.142Z
e330476ce7519ce67552138bc7a95014e13c49d2c6a72263bc7c439d314c1c5b,b99f036b2262275049477202beab089c565370dc781a2cc9041949b4da380ced,"Employees with 6+ years of tenure accrue 20 vacation days per year. Vacation must be requested at least 2 weeks in advance, with a maximum carryover of 5 days per year. Unused vacation is forfeited at year end, and managers may deny requests during peak business periods.",html,null,active,2025-10-29T19:33:39.141Z,2025-10-29T19:33:39.142Z
cc50355a8afda7cca8695d570f76d3f468f1a40f3ef62f9eb7d18ef45ae27e32,b9bf13fdd855b93d154b96651d03ae452819317c8d1b57e743a186fc12202a48,The deadline for submitting expense reports is within 30 days of incurring the expense.,html,null,active,2025-10-29T19:33:39.141Z,2025-10-29T19:33:39.142Z
385b194cff59fe3cab2c9d29490af8cf09972178bdb436cea1034af63fade2da,bbcf029b596dd09487687fffd9ad8d2b2410b8b1b639959c17ff25a848c59eb7,"Full-time employees become eligible for health insurance, dental, and vision benefits after 90 days of employment.",html,null,active,2025-10-29T19:33:39.141Z,2025-10-29T19:33:39.142Z
e416e5d12ebf1f5067f6bbb33c2e48f371dab0c9e48ab2fed0faa374d65da64c,bcb09906cf6593365ea6308aa5790339924e7d636f3032d687e2dd3383a01e78,The company's policy on professional behavior requires all employees to maintain professional conduct in the workplace.,html,null,active,2025-10-29T19:33:39.141Z,2025-10-29T19:33:39.142Z
d8b42b446ec8d12b64f434c69695e014e842c1ea6678e2ec6acaaeab480ae64c,c23c53660eeb5d351072fba33ab292f888bed81ae64935e9c962c9e045ead24b,Book economy class for domestic flights.,html,null,active,2025-10-29T19:33:39.141Z,2025-10-29T19:33:39.142Z
e74ffe9e21efe6657238aa8dce755be1f84a317971b7c43c05ce89d11f922c78,c5b175de6e42a462850fdff4c617b73c4b92547ca2a13adbcf694c5393f6fa7a,Employees may work remotely up to 2 days per week with manager approval.,html,null,active,2025-10-29T19:33:39.141Z,2025-10-29T19:33:39.142Z
ebc2824476c8f95767a8d5254bad79d086b5006282c3072d9045a09704cde0ce,c6e59646d94d44ab8ad7d27dc3c7cb44124e77a83b054c173a5eab41df83df4e,Managers must complete employee reviews by January 31.,html,null,active,2025-10-29T19:33:39.141Z,2025-10-29T19:33:39.142Z
296c647e49965a95cb89b01d7d9a33ce6a2147785acee6d8a6e12f580e73310f,c98fcadf7696e2f00e49aaebcaa8975ba02622262ad9c3c5a4f586536942c5ad,Annual performance reviews are conducted in January.,html,null,active,2025-10-29T19:33:39.141Z,2025-10-29T19:33:39.142Z
e8e1bc55b53ffa1d0996aa4d2f78cb38ef6cf71d1f592678eff841f929687cbf,d02d23e57b4efa3b9e118ebac4805b96b74821d23fead864b8d2e7fd6ad12022,Employees may work remotely up to 2 days per week with manager approval.,html,null,active,2025-10-29T19:33:39.141Z,2025-10-29T19:33:39.142Z
96039672b9281f7de51dd97919b64cafa11cabb07e54d4fef82edc2eb529ae98,d658eaed3bc44a3e13fdccdd61b67abd706fbd5ee96d6c242127b254598abd08,Receipts are required for all expenses over $25.,html,null,active,2025-10-29T19:33:39.141Z,2025-10-29T19:33:39.142Z
0bc48666b3310eba1a58ad4ca2261b9102428abcc516171719a923028eea647f,e23980ba9d88f7cc45875d2ebd8133987525562dedf6816b83c66c6d923b2396,"Yes, multi-factor authentication (MFA) is required for accessing systems containing sensitive data.",html,null,active,2025-10-29T19:33:39.141Z,2025-10-29T19:33:39.142Z
a5345407875beb8a281cc756e3176dadb72b3bcb4ea1f1059d6d593fe89a91d0,e5500683f9c17c6630ab7b4fe2b6790b56d08df46377727ecf4c66b7ae1d5b8a,Attachments should be scanned for viruses.,html,null,active,2025-10-29T19:33:39.141Z,2025-10-29T19:33:39.142Z
3463fd1dbe3101c506b281cd47b8d28b6ca8a4d92d078bc0ab70578bc4507421,e99f44c8e9e09e5eaa155774cd492ac409ae92fbd8fdfca18d7ab13fac266a92,I do not have enough information to answer this question.,html,null,active,2025-10-29T19:33:39.141Z,2025-10-29T19:33:39.142Z
3346bb656fa9bcc784db2acc7ae99123ea8a7d5428f558d890835a10ec53bf7c,ecec0d9bc8eac3f215fdb7bd94b920941defc1253ebd617f05e031c4d388953a,Passwords must be changed every 90 days.,html,null,active,2025-10-29T19:33:39.141Z,2025-10-29T19:33:39.142Z
4d6a72f77543272cf870c9b19008906f46c3cfa71e964880981a82cb6b10cad7,ed8e76b16bb43450c0f783bdf2bec7a7c6d30b581a40c85b972bc9f95d960c21,"Yes, managers may deny vacation requests during peak business periods.",html,null,active,2025-10-29T19:33:39.141Z,2025-10-29T19:33:39.142Z
869d28872836b9d01d5b02806544d4cc6c75e8c970d84c78e59cf501f41db163,f082fc27b3166b8a21fca1a3f53c87597d40d61afb11b8a529afb241cf73e577,The nightly limit for hotel accommodations on domestic trips is $200.,html,null,active,2025-10-29T19:33:39.141Z,2025-10-29T19:33:39.142Z
6f0df1e084eb9b2d1b7650c7b145be0a291e110cebe36c80c3eb0011b5e358d1,f238d6b8a44bbfba8e7c98776b298830b1da271c834b05162201095a38888e6c,The company provides a laptop and necessary equipment for remote work.,html,null,active,2025-10-29T19:33:39.141Z,2025-10-29T19:33:39.142Z
e923efec265b5554dcae4deac25744f593fcdd92a611247b44bafdb837053ed6,f29aefee41298f9eddc31cbbc10e3970dc067f22143c7f7c5752cc2fe6660d2e,The health insurance enrollment period starts on November 1st each year.,html,null,active,2025-10-29T19:33:39.141Z,2025-10-29T19:33:39.142Z
d9d2a34dec00881bef7abb16e621265fc4c0ed21c91287ec36cb5a4c55361585,f3cc31de76ab28b4f5337c4927f6a482ba0cde876506948db05ff8697735a66e,Employees are paid bi-weekly on Fridays.,html,null,active,2025-10-29T19:33:39.141Z,2025-10-29T19:33:39.142Z
6a239dd9da64d9f36d45ab80ee91ab89552ea4630791fd4a1acd4cd62de036b0,f66842d5f7819b4cb19961de36e254f2619fc5ab0c58d4f369917684cfab9728,The company is not responsible for damage or theft in the parking area.,html,null,active,2025-10-29T19:33:39.141Z,2025-10-29T19:33:39.142Z
4e2b59c589a9667443160d3458383718399dbe86a7b49e6e0afbe1b9cd4647b3,f66ac33df6eeb7e0b09cf6bfbb7a9c6b1c845a0a495c4e6fea36cfa1329447cb,Vacation must be requested at least 2 weeks in advance.,html,null,active,2025-10-29T19:33:39.141Z,2025-10-29T19:33:39.142Z
86fbe60717a70c48b534ab016c775acd174e05e3549a21e95b169c6314e45d69,f69e3c93b0e5bbc0597809fb42188992760ad80c92b2b9480bc81a4b659b323c,Employees may park in designated company parking areas. Parking permits are required and available from facilities.,html,null,active,2025-10-29T19:33:39.141Z,2025-10-29T19:33:39.142Z
76d21d8ae6666cc2853d98adabee295f519021598d4214cf7dff285b5f8c8f90,fa850b711de5ee9ec91d519e9d6ee2c21d0b013481d6e6c6d540af13c5fdc5d0,The open enrollment period for health insurance is November 1-30 each year.,html,null,active,2025-10-29T19:33:39.141Z,2025-10-29T19:33:39.142Z
ffcf32e5a93677c32a752f1015278ec3a8f5c8c6d66b2068e4f2092ef14ddfe4,fb6b366129f92d88d36b190d44d489ff7ade64eeba0df52292f955f559ef7a68,Receipts are required for all expenses over $25.,html,null,active,2025-10-29T19:33:39.141Z,2025-10-29T19:33:39.142Z
53cb6aab161d21f0b73e7992a7707436697dc6871d2840688b328361543b64a7,fc6bf0ff097412a9ef8b6c3d9aa1cfa3be03de0adb50ea61b1df4905bbe16f4f,"Yes, employees may add dependents to their health insurance plan.",html,null,active,2025-10-29T19:33:39.141Z,2025-10-29T19:33:39.142Z
423c2a4e8a47c5dc4d44fa677b144964908ffc93491a7532e628df5dd5282d67,feae93a3b8aa895bf5f878108a5369cb9b32395b4e87bd16948a3909357db9d1,"Federal, state, and local taxes are automatically withheld from paychecks.",html,null,active,2025-10-29T19:33:39.141Z,2025-10-29T19:33:39.142Z
b8f8f776f1f6ae1fc1a77279dab55ba9becdb235c0abbae1ddbd99b34a8c2df4,ffb961d88fa923b1c256f3f7c3562719b4d8c16ef54d521feba775a152b94532,Vacation time is accrued based on tenure as follows:<ol><li>0-2 years: 10 days per year.</li><li>3-5 years: 15 days per year.</li><li>6+ years: 20 days per year.</li></ol>,html,null,active,2025-10-29T19:33:39.141Z,2025-10-29T19:33:39.142Z
