change_id,content_checksum,previous_checksum,file_name,requires_faq_regeneration,change_type,similarity_score,similarity_method,diff_data,total_faqs_at_risk,affected_question_count,affected_answer_count,detection_run_id,detection_timestamp
1,f3bbae03d26ce982636aaa5552ad07e8735c7dd28f36d3cdcf2310f9f6168479,null,Employee_Handbook.pdf,true,new_content,0,hybrid,null,0,0,0,run_20251029_193829_f35a4199,2025-10-29T19:41:05.194113Z
2,b54c22ec37e28c72f242c5c96ba13a0d582cf14ad4bba7b39f24466911546ca1,b54c22ec37e28c72f242c5c96ba13a0d582cf14ad4bba7b39f24466911546ca1,Employee_Handbook.pdf,false,unchanged_content,1,hybrid,null,0,0,0,run_20251029_193829_f35a4199,2025-10-29T19:41:05.194113Z
3,618294d1ec9e3f03260d3e7015c33734c3db3b8ffa543ae8461a7e22905731d9,null,IT_Security_Policy.pdf,true,new_content,0,hybrid,null,0,0,0,run_20251029_193829_f35a4199,2025-10-29T19:41:05.194113Z
4,21f1d25d4f2dc7ce53d72cc050c32738362e1e12536d0b1a0fe14a1d691dfc37,21f1d25d4f2dc7ce53d72cc050c32738362e1e12536d0b1a0fe14a1d691dfc37,IT_Security_Policy.pdf,false,unchanged_content,1,hybrid,null,0,0,0,run_20251029_193829_f35a4199,2025-10-29T19:41:05.194113Z
5,b83c5c009d7ae9abaaf977909eada2be578234e052751c5b7ae99f4180bd0b99,null,Remote_Work_Policy.pdf,true,new_content,0,hybrid,null,0,0,0,run_20251029_193829_f35a4199,2025-10-29T19:41:05.194113Z
6,525a301d7750b939ac2adf0e9f3690770b81277fd5dcc817194afe5ce35b1a9d,525a301d7750b939ac2adf0e9f3690770b81277fd5dcc817194afe5ce35b1a9d,Remote_Work_Policy.pdf,false,unchanged_content,1,hybrid,null,0,0,0,run_20251029_193829_f35a4199,2025-10-29T19:41:05.194113Z
7,7317c6901c9282b3c1adbab4f0b5937f75d431737d2c4955f795f75501c04fd2,null,Travel_Policy.pdf,true,new_content,0,hybrid,null,0,0,0,run_20251029_193829_f35a4199,2025-10-29T19:41:05.194113Z
8,c0a9947d707ea77c52566453c69cc6aef7cb3f07bcb742f0cc94f9f2c91c4384,c0a9947d707ea77c52566453c69cc6aef7cb3f07bcb742f0cc94f9f2c91c4384,Travel_Policy.pdf,false,unchanged_content,1,hybrid,null,0,0,0,run_20251029_193829_f35a4199,2025-10-29T19:41:05.194113Z
9,72cb4a8e3750676f31506c2a95bc333bfaef0f916f020b69b2a725eeeabbddb7,null,Parental_Leave.pdf,true,new_content,0,hybrid,null,0,0,0,run_20251029_193829_f35a4199,2025-10-29T19:41:05.194113Z
10,ac67a9a305fdff6919c6eb9e03a7ba2ae05cc0f991c2bbd623fa9d45443d9d08,ac67a9a305fdff6919c6eb9e03a7ba2ae05cc0f991c2bbd623fa9d45443d9d08,Parental_Leave.pdf,false,unchanged_content,1,hybrid,null,0,0,0,run_20251029_193829_f35a4199,2025-10-29T19:41:05.194113Z
11,30635deca8c6424f51a689016694ba5e2a3a4cc4a13fecffb7ffdc6efc54ac6e,30635deca8c6424f51a689016694ba5e2a3a4cc4a13fecffb7ffdc6efc54ac6e,Workplace_Safety.pdf,false,unchanged_content,1,hybrid,null,0,0,0,run_20251029_193829_f35a4199,2025-10-29T19:41:05.194113Z
12,f728f4272c384ce30152a0bcf38e83d2bd3869f5a5be9236ea3329e0b1b03c06,null,Health_Insurance.pdf,true,new_content,0,hybrid,null,0,0,0,run_20251029_193829_f35a4199,2025-10-29T19:41:05.194113Z
13,370cd156d5ae42b3bb93fe51096b05d8dc2aee7358aaee7fae314eed56a02818,370cd156d5ae42b3bb93fe51096b05d8dc2aee7358aaee7fae314eed56a02818,Health_Insurance.pdf,false,unchanged_content,1,hybrid,null,0,0,0,run_20251029_193829_f35a4199,2025-10-29T19:41:05.194113Z
14,c6ce8f6d9959602f5e6fc2e1e135b0e4aa3e7874478588930431c1eb91788de4,null,Vacation_Policy.pdf,true,new_content,0,hybrid,null,0,0,0,run_20251029_193829_f35a4199,2025-10-29T19:41:05.194113Z
15,c25998122f381276d80104faa040957acc631e97ad02740bbc7ed6a13b3c34fe,c25998122f381276d80104faa040957acc631e97ad02740bbc7ed6a13b3c34fe,Vacation_Policy.pdf,false,unchanged_content,1,hybrid,null,0,0,0,run_20251029_193829_f35a4199,2025-10-29T19:41:05.194113Z
16,691b8506507e69ae90edc609bb29735aa050604d10e575f8d209e8f724cbb003,null,Email_Policy.pdf,true,new_content,0,hybrid,null,0,0,0,run_20251029_193829_f35a4199,2025-10-29T19:41:05.194113Z
17,26b8fffa2bb44d9ed01d6878fa75f7efc7c3d6355478e3298a87b13e48d6785a,26b8fffa2bb44d9ed01d6878fa75f7efc7c3d6355478e3298a87b13e48d6785a,Email_Policy.pdf,false,unchanged_content,1,hybrid,null,0,0,0,run_20251029_193829_f35a4199,2025-10-29T19:41:05.194113Z
18,320f9f24dbf9c03edfdba60c2c0e973eff5c0932dc818301e6eb1bc2adb41538,320f9f24dbf9c03edfdba60c2c0e973eff5c0932dc818301e6eb1bc2adb41538,Equipment_Return.pdf,false,unchanged_content,1,hybrid,null,0,0,0,run_20251029_193829_f35a4199,2025-10-29T19:41:05.194113Z
19,e4e657579f05c0b56e0cf9d2c3c60bcbfae818ac84cedd8bac7dc60c87d8db13,e4e657579f05c0b56e0cf9d2c3c60bcbfae818ac84cedd8bac7dc60c87d8db13,Benefits_Guide.pdf,false,unchanged_content,1,hybrid,null,0,0,0,run_20251029_193829_f35a4199,2025-10-29T19:41:05.194113Z
20,32cbadc16b6c3e6976b4158e3ffd945855495cb3ccc17d236c391298a1413524,32cbadc16b6c3e6976b4158e3ffd945855495cb3ccc17d236c391298a1413524,Payroll_Processing.pdf,false,unchanged_content,1,hybrid,null,0,0,0,run_20251029_193829_f35a4199,2025-10-29T19:41:05.194113Z
21,a63a029055575b7aaedfa8d55dad9b859305a101b1f5e7fb37720a7fdd74f90c,a63a029055575b7aaedfa8d55dad9b859305a101b1f5e7fb37720a7fdd74f90c,Code_of_Conduct.pdf,false,unchanged_content,1,hybrid,null,0,0,0,run_20251029_193829_f35a4199,2025-10-29T19:41:05.194113Z
22,21c3224cf3de0229bb0953c537dfe703be7752c5a3513eaf87723f1310b5f91a,21c3224cf3de0229bb0953c537dfe703be7752c5a3513eaf87723f1310b5f91a,Expense_Reimbursement.pdf,false,unchanged_content,1,hybrid,null,0,0,0,run_20251029_193829_f35a4199,2025-10-29T19:41:05.194113Z
23,5344d68abbaa53f9ce78175e24ce7282042d98399bc4a8fe9e349500b5c3aa7e,5344d68abbaa53f9ce78175e24ce7282042d98399bc4a8fe9e349500b5c3aa7e,Performance_Reviews.pdf,false,unchanged_content,1,hybrid,null,0,0,0,run_20251029_193829_f35a4199,2025-10-29T19:41:05.194113Z
24,9638205ff31b28380b3165acf62ba48de76e2cf45fadda0d180221ee72d6e3e8,9638205ff31b28380b3165acf62ba48de76e2cf45fadda0d180221ee72d6e3e8,Parking_Policy.pdf,false,unchanged_content,1,hybrid,null,0,0,0,run_20251029_193829_f35a4199,2025-10-29T19:41:05.194113Z
