change_id,content_checksum,previous_checksum,file_name,requires_faq_regeneration,change_type,similarity_score,similarity_method,diff_data,total_faqs_at_risk,affected_question_count,affected_answer_count,processed,processed_at,processing_error,detection_run_id,detection_timestamp
1,a1b2c3d4e5f6a7b8c9d0e1f2a3b4c5d6e7f8a9b0c1d2e3f4a5b6c7d8e9f0a1b2,,employee_handbook_benefits.pdf,1,new_content,,,{},0,0,0,0,,,run_2025_01_15_001,2025-01-15 08:30:00
2,b2c3d4e5f6a7b8c9d0e1f2a3b4c5d6e7f8a9b0c1d2e3f4a5b6c7d8e9f0a1b2c3,,employee_handbook_pto.pdf,1,new_content,,,{},0,0,0,0,,,run_2025_01_15_001,2025-01-15 08:30:15
3,c3d4e5f6a7b8c9d0e1f2a3b4c5d6e7f8a9b0c1d2e3f4a5b6c7d8e9f0a1b2c3d4,,hr_policies_remote_work.pdf,1,new_content,,,{},0,0,0,0,,,run_2025_01_15_001,2025-01-15 08:30:30
4,d4e5f6a7b8c9d0e1f2a3b4c5d6e7f8a9b0c1d2e3f4a5b6c7d8e9f0a1b2c3d4e5,a1b2c3d4e5f6a7b8c9d0e1f2a3b4c5d6e7f8a9b0c1d2e3f4a5b6c7d8e9f0a1b2,employee_handbook_benefits.pdf,1,modified_content,0.45,hybrid,"{""total_changes"": 3, ""change_types"": {""replace"": 3, ""insert"": 0, ""delete"": 0}, ""changes"": [{""change_num"": 1, ""change_type"": ""replace"", ""before"": ""Employees receive 15 vacation days per year"", ""after"": ""Employees receive 20 vacation days per year"", ""token_changes"": [{""type"": ""replace"", ""old_value"": ""15"", ""new_value"": ""20""}]}, {""change_num"": 2, ""change_type"": ""replace"", ""before"": ""Health insurance premium: $200 per month"", ""after"": ""Health insurance premium: $150 per month"", ""token_changes"": [{""type"": ""replace"", ""old_value"": ""200"", ""new_value"": ""150""}]}, {""change_num"": 3, ""change_type"": ""replace"", ""before"": ""401k match up to 3%"", ""after"": ""401k match up to 5%"", ""token_changes"": [{""type"": ""replace"", ""old_value"": ""3%"", ""new_value"": ""5%""}]}]}",8,3,5,0,,,run_2025_01_20_002,2025-01-20 09:15:00
5,e5f6a7b8c9d0e1f2a3b4c5d6e7f8a9b0c1d2e3f4a5b6c7d8e9f0a1b2c3d4e5f6,b2c3d4e5f6a7b8c9d0e1f2a3b4c5d6e7f8a9b0c1d2e3f4a5b6c7d8e9f0a1b2c3,employee_handbook_pto.pdf,1,modified_content,0.72,hybrid,"{""total_changes"": 1, ""change_types"": {""replace"": 1, ""insert"": 0, ""delete"": 0}, ""changes"": [{""change_num"": 1, ""change_type"": ""replace"", ""before"": ""Submit PTO requests 2 weeks in advance"", ""after"": ""Submit PTO requests 3 weeks in advance"", ""token_changes"": [{""type"": ""replace"", ""old_value"": ""2"", ""new_value"": ""3""}]}]}",4,1,3,0,,,run_2025_01_20_002,2025-01-20 09:15:15
6,,c3d4e5f6a7b8c9d0e1f2a3b4c5d6e7f8a9b0c1d2e3f4a5b6c7d8e9f0a1b2c3d4,hr_policies_remote_work.pdf,1,deleted_content,,,{},6,2,4,0,,,run_2025_01_25_003,2025-01-25 10:00:00
7,f6a7b8c9d0e1f2a3b4c5d6e7f8a9b0c1d2e3f4a5b6c7d8e9f0a1b2c3d4e5f6a7,,company_dress_code.pdf,1,new_content,,,{},0,0,0,0,,,run_2025_01_25_003,2025-01-25 10:00:30
8,a7b8c9d0e1f2a3b4c5d6e7f8a9b0c1d2e3f4a5b6c7d8e9f0a1b2c3d4e5f6a7b8,,workplace_safety_guidelines.pdf,1,new_content,,,{},0,0,0,0,,,run_2025_01_25_003,2025-01-25 10:01:00
9,b8c9d0e1f2a3b4c5d6e7f8a9b0c1d2e3f4a5b6c7d8e9f0a1b2c3d4e5f6a7b8c9,f6a7b8c9d0e1f2a3b4c5d6e7f8a9b0c1d2e3f4a5b6c7d8e9f0a1b2c3d4e5f6a7,company_dress_code.pdf,1,modified_content,0.88,difflib,"{""total_changes"": 1, ""change_types"": {""replace"": 0, ""insert"": 1, ""delete"": 0}, ""changes"": [{""change_num"": 1, ""change_type"": ""insert"", ""before"": """", ""after"": ""Business casual attire is required for client-facing meetings"", ""token_changes"": [{""type"": ""insert"", ""new_value"": ""Business casual attire is required for client-facing meetings""}]}]}",2,1,1,0,,,run_2025_02_01_004,2025-02-01 11:30:00
10,c9d0e1f2a3b4c5d6e7f8a9b0c1d2e3f4a5b6c7d8e9f0a1b2c3d4e5f6a7b8c9d0,,expense_reimbursement_policy.pdf,1,new_content,,,{},0,0,0,0,,,run_2025_02_01_004,2025-02-01 11:30:30
11,d0e1f2a3b4c5d6e7f8a9b0c1d2e3f4a5b6c7d8e9f0a1b2c3d4e5f6a7b8c9d0e1,d4e5f6a7b8c9d0e1f2a3b4c5d6e7f8a9b0c1d2e3f4a5b6c7d8e9f0a1b2c3d4e5,employee_handbook_benefits.pdf,1,modified_content,0.35,hybrid,"{""total_changes"": 5, ""change_types"": {""replace"": 4, ""insert"": 1, ""delete"": 0}, ""changes"": [{""change_num"": 1, ""change_type"": ""replace"", ""before"": ""Dental coverage included"", ""after"": ""Premium dental coverage included"", ""token_changes"": [{""type"": ""insert"", ""new_value"": ""Premium""}]}, {""change_num"": 2, ""change_type"": ""replace"", ""before"": ""Vision insurance optional"", ""after"": ""Vision insurance included at no cost"", ""token_changes"": [{""type"": ""replace"", ""old_value"": ""optional"", ""new_value"": ""included at no cost""}]}, {""change_num"": 3, ""change_type"": ""replace"", ""before"": ""Life insurance: $50,000 coverage"", ""after"": ""Life insurance: $100,000 coverage"", ""token_changes"": [{""type"": ""replace"", ""old_value"": ""50,000"", ""new_value"": ""100,000""}]}, {""change_num"": 4, ""change_type"": ""replace"", ""before"": ""Gym membership: 50% discount"", ""after"": ""Gym membership: 100% covered"", ""token_changes"": [{""type"": ""replace"", ""old_value"": ""50% discount"", ""new_value"": ""100% covered""}]}, {""change_num"": 5, ""change_type"": ""insert"", ""before"": """", ""after"": ""Mental health support: 12 free counseling sessions per year"", ""token_changes"": [{""type"": ""insert"", ""new_value"": ""Mental health support: 12 free counseling sessions per year""}]}]}",12,4,8,0,,,run_2025_02_05_005,2025-02-05 14:00:00
12,,a7b8c9d0e1f2a3b4c5d6e7f8a9b0c1d2e3f4a5b6c7d8e9f0a1b2c3d4e5f6a7b8,workplace_safety_guidelines.pdf,1,deleted_content,,,{},5,2,3,0,,,run_2025_02_10_006,2025-02-10 08:45:00
13,e1f2a3b4c5d6e7f8a9b0c1d2e3f4a5b6c7d8e9f0a1b2c3d4e5f6a7b8c9d0e1f2,,travel_expense_policy.pdf,1,new_content,,,{},0,0,0,0,,,run_2025_02_10_006,2025-02-10 08:45:30
14,f2a3b4c5d6e7f8a9b0c1d2e3f4a5b6c7d8e9f0a1b2c3d4e5f6a7b8c9d0e1f2a3,e5f6a7b8c9d0e1f2a3b4c5d6e7f8a9b0c1d2e3f4a5b6c7d8e9f0a1b2c3d4e5f6,employee_handbook_pto.pdf,1,modified_content,0.65,jaccard,"{""total_changes"": 2, ""change_types"": {""replace"": 2, ""insert"": 0, ""delete"": 0}, ""changes"": [{""change_num"": 1, ""change_type"": ""replace"", ""before"": ""Unused PTO rolls over up to 40 hours"", ""after"": ""Unused PTO rolls over up to 80 hours"", ""token_changes"": [{""type"": ""replace"", ""old_value"": ""40"", ""new_value"": ""80""}]}, {""change_num"": 2, ""change_type"": ""replace"", ""before"": ""PTO payout upon termination: 50%"", ""after"": ""PTO payout upon termination: 100%"", ""token_changes"": [{""type"": ""replace"", ""old_value"": ""50%"", ""new_value"": ""100%""}]}]}",6,2,4,0,,,run_2025_02_15_007,2025-02-15 13:20:00
15,a3b4c5d6e7f8a9b0c1d2e3f4a5b6c7d8e9f0a1b2c3d4e5f6a7b8c9d0e1f2a3b4,,employee_referral_program.pdf,1,new_content,,,{},0,0,0,0,,,run_2025_02_15_007,2025-02-15 13:20:30
16,b4c5d6e7f8a9b0c1d2e3f4a5b6c7d8e9f0a1b2c3d4e5f6a7b8c9d0e1f2a3b4c5,c9d0e1f2a3b4c5d6e7f8a9b0c1d2e3f4a5b6c7d8e9f0a1b2c3d4e5f6a7b8c9d0,expense_reimbursement_policy.pdf,1,modified_content,0.52,hybrid,"{""total_changes"": 4, ""change_types"": {""replace"": 3, ""insert"": 1, ""delete"": 0}, ""changes"": [{""change_num"": 1, ""change_type"": ""replace"", ""before"": ""Meal allowance: $50 per day"", ""after"": ""Meal allowance: $75 per day"", ""token_changes"": [{""type"": ""replace"", ""old_value"": ""50"", ""new_value"": ""75""}]}, {""change_num"": 2, ""change_type"": ""replace"", ""before"": ""Hotel reimbursement: up to $150 per night"", ""after"": ""Hotel reimbursement: up to $200 per night"", ""token_changes"": [{""type"": ""replace"", ""old_value"": ""150"", ""new_value"": ""200""}]}, {""change_num"": 3, ""change_type"": ""replace"", ""before"": ""Mileage rate: $0.58 per mile"", ""after"": ""Mileage rate: $0.67 per mile"", ""token_changes"": [{""type"": ""replace"", ""old_value"": ""0.58"", ""new_value"": ""0.67""}]}, {""change_num"": 4, ""change_type"": ""insert"", ""before"": """", ""after"": ""Pre-approval required for expenses over $500"", ""token_changes"": [{""type"": ""insert"", ""new_value"": ""Pre-approval required for expenses over $500""}]}]}",10,3,7,0,,,run_2025_02_20_008,2025-02-20 10:10:00
17,,b8c9d0e1f2a3b4c5d6e7f8a9b0c1d2e3f4a5b6c7d8e9f0a1b2c3d4e5f6a7b8c9,company_dress_code.pdf,1,deleted_content,,,{},3,1,2,0,,,run_2025_02_25_009,2025-02-25 09:30:00
18,c5d6e7f8a9b0c1d2e3f4a5b6c7d8e9f0a1b2c3d4e5f6a7b8c9d0e1f2a3b4c5d6,,parking_policy.pdf,1,new_content,,,{},0,0,0,0,,,run_2025_02_25_009,2025-02-25 09:30:45
19,d6e7f8a9b0c1d2e3f4a5b6c7d8e9f0a1b2c3d4e5f6a7b8c9d0e1f2a3b4c5d6e7,,professional_development_policy.pdf,1,new_content,,,{},0,0,0,0,,,run_2025_02_25_009,2025-02-25 09:31:15
20,e7f8a9b0c1d2e3f4a5b6c7d8e9f0a1b2c3d4e5f6a7b8c9d0e1f2a3b4c5d6e7f8,e1f2a3b4c5d6e7f8a9b0c1d2e3f4a5b6c7d8e9f0a1b2c3d4e5f6a7b8c9d0e1f2,travel_expense_policy.pdf,1,modified_content,0.78,difflib,"{""total_changes"": 1, ""change_types"": {""replace"": 1, ""insert"": 0, ""delete"": 0}, ""changes"": [{""change_num"": 1, ""change_type"": ""replace"", ""before"": ""International travel requires VP approval"", ""after"": ""International travel requires Director approval"", ""token_changes"": [{""type"": ""replace"", ""old_value"": ""VP"", ""new_value"": ""Director""}]}]}",3,1,2,0,,,run_2025_03_01_010,2025-03-01 15:45:00
