answer_id,question_id,answer_text,answer_format,confidence_score,status
1,1,"Employees are entitled to 10 sick days per calendar year. Please note that sick days do not roll over to the next year.",html,0.95,active
2,2,"Standard work hours are Monday through Friday, 9:00 AM to 5:00 PM.",html,0.98,active
3,3,"All full-time employees are eligible for health insurance, dental coverage, and vision benefits after 90 days of employment.",html,0.97,active
4,4,"All employees must use strong passwords with a minimum of 8 characters.",html,0.99,active
5,5,"Passwords must be changed every 90 days.",html,0.98,active
6,6,"Three health insurance plan options are available: Basic, Standard, and Premium.",html,0.96,active
7,7,"All plans include medical, dental, and vision coverage.",html,0.97,active
8,8,"The open enrollment period is November 1-30 each year.",html,0.99,active
9,9,"Yes, multi-factor authentication (MFA) is required for all systems containing sensitive data.",html,0.98,active
10,10,"Yes, employees may add dependents to their health insurance plan.",html,0.96,active
11,11,"No, sick days do not roll over to the next year.",html,0.97,active
12,12,"The waiting period for health insurance is 90 days of employment.",html,0.96,active
13,13,"All full-time employees receive health insurance, dental coverage, and vision benefits.",html,0.95,active
14,14,"MFA is required for all systems containing sensitive data.",html,0.97,active
