question_id,question_text,source_type,generation_method,status
1,How many sick days are employees entitled to per year?,document,llm_generated,active
2,What are the standard work hours?,document,llm_generated,active
3,When are full-time employees eligible for health benefits?,document,llm_generated,active
4,What is the minimum password length required?,document,llm_generated,active
5,How often must passwords be changed?,document,llm_generated,active
6,What health insurance plans are available?,document,llm_generated,active
7,What is covered in the health insurance plans?,document,llm_generated,active
8,When is the open enrollment period for health insurance?,document,llm_generated,active
9,Is multi-factor authentication required?,document,llm_generated,active
10,Can employees add dependents to their health insurance?,document,llm_generated,active
11,Do sick days roll over to the next year?,document,llm_generated,active
12,How long is the waiting period for health insurance?,document,llm_generated,active
13,What benefits are included beyond health insurance?,document,llm_generated,active
14,What systems require multi-factor authentication?,document,llm_generated,active
