source_id,question_id,content_checksum,is_primary_source,contribution_weight,is_valid,invalidation_reason,invalidated_by_change_id
1,1,b54c22ec37e28c72f242c5c96ba13a0d582cf14ad4bba7b39f24466911546ca1,1,1.0,1,,
2,2,b54c22ec37e28c72f242c5c96ba13a0d582cf14ad4bba7b39f24466911546ca1,1,1.0,1,,
3,3,b54c22ec37e28c72f242c5c96ba13a0d582cf14ad4bba7b39f24466911546ca1,1,0.6,1,,
4,3,e4e657579f05c0b56e0cf9d2c3c60bcbfae818ac84cedd8bac7dc60c87d8db13,0,0.4,1,,
5,4,21f1d25d4f2dc7ce53d72cc050c32738362e1e12536d0b1a0fe14a1d691dfc37,1,1.0,1,,
6,5,21f1d25d4f2dc7ce53d72cc050c32738362e1e12536d0b1a0fe14a1d691dfc37,1,1.0,1,,
7,6,e4e657579f05c0b56e0cf9d2c3c60bcbfae818ac84cedd8bac7dc60c87d8db13,1,1.0,1,,
8,7,e4e657579f05c0b56e0cf9d2c3c60bcbfae818ac84cedd8bac7dc60c87d8db13,1,1.0,1,,
9,8,e4e657579f05c0b56e0cf9d2c3c60bcbfae818ac84cedd8bac7dc60c87d8db13,1,1.0,1,,
10,9,21f1d25d4f2dc7ce53d72cc050c32738362e1e12536d0b1a0fe14a1d691dfc37,1,1.0,1,,
11,10,e4e657579f05c0b56e0cf9d2c3c60bcbfae818ac84cedd8bac7dc60c87d8db13,1,1.0,1,,
12,11,b54c22ec37e28c72f242c5c96ba13a0d582cf14ad4bba7b39f24466911546ca1,1,1.0,1,,
13,12,b54c22ec37e28c72f242c5c96ba13a0d582cf14ad4bba7b39f24466911546ca1,1,0.7,1,,
14,12,e4e657579f05c0b56e0cf9d2c3c60bcbfae818ac84cedd8bac7dc60c87d8db13,0,0.3,1,,
15,13,b54c22ec37e28c72f242c5c96ba13a0d582cf14ad4bba7b39f24466911546ca1,1,0.5,1,,
16,13,e4e657579f05c0b56e0cf9d2c3c60bcbfae818ac84cedd8bac7dc60c87d8db13,0,0.5,1,,
17,14,21f1d25d4f2dc7ce53d72cc050c32738362e1e12536d0b1a0fe14a1d691dfc37,1,1.0,1,,
