raw_file_nme,raw_file_type,raw_file_version_nbr,raw_file_path,extracted_markdown_file_path,title_nme,content_checksum,file_status
Employee_Handbook.pdf,pdf,1,granular_impact/data_ingestion/data/raw/Employee_Handbook.pdf,granular_impact/data_ingestion/data/markdown/Employee_Handbook_v1.md,Employee Handbook 2024,NA,Active
IT_Security_Policy.pdf,pdf,1,granular_impact/data_ingestion/data/raw/IT_Security_Policy.pdf,granular_impact/data_ingestion/data/markdown/IT_Security_Policy_v1.md,IT Security Policy - Password Requirements,NA,Active
Remote_Work_Policy.pdf,pdf,1,granular_impact/data_ingestion/data/raw/Remote_Work_Policy.pdf,granular_impact/data_ingestion/data/markdown/Remote_Work_Policy_v1.md,Remote Work Policy - Eligibility and Guidelines,NA,Active
Benefits_Guide.pdf,pdf,1,granular_impact/data_ingestion/data/raw/Benefits_Guide.pdf,granular_impact/data_ingestion/data/markdown/Benefits_Guide_v1.md,Employee Benefits Overview - Health Insurance,NA,Active
Payroll_Processing.pdf,pdf,1,granular_impact/data_ingestion/data/raw/Payroll_Processing.pdf,granular_impact/data_ingestion/data/markdown/Payroll_Processing_v1.md,Payroll Processing Guide - Tax Withholding,NA,Active
Code_of_Conduct.pdf,pdf,1,granular_impact/data_ingestion/data/raw/Code_of_Conduct.pdf,granular_impact/data_ingestion/data/markdown/Code_of_Conduct_v1.md,Code of Conduct - Ethics and Compliance,NA,Active
Travel_Policy.pdf,pdf,1,granular_impact/data_ingestion/data/raw/Travel_Policy.pdf,granular_impact/data_ingestion/data/markdown/Travel_Policy_v1.md,Business Travel Policy - Domestic Travel,NA,Active
Expense_Reimbursement.pdf,pdf,1,granular_impact/data_ingestion/data/raw/Expense_Reimbursement.pdf,granular_impact/data_ingestion/data/markdown/Expense_Reimbursement_v1.md,Expense Reimbursement Policy - Submission Guidelines,NA,Active
Performance_Reviews.pdf,pdf,1,granular_impact/data_ingestion/data/raw/Performance_Reviews.pdf,granular_impact/data_ingestion/data/markdown/Performance_Reviews_v1.md,Annual Performance Review Process,NA,Active
Parental_Leave.pdf,pdf,1,granular_impact/data_ingestion/data/raw/Parental_Leave.pdf,granular_impact/data_ingestion/data/markdown/Parental_Leave_v1.md,Parental Leave Policy - Eligibility and Duration,NA,Active
Health_Insurance.pdf,pdf,1,granular_impact/data_ingestion/data/raw/Health_Insurance.pdf,granular_impact/data_ingestion/data/markdown/Health_Insurance_v1.md,Health Insurance Enrollment - Three Plans,NA,Active
Vacation_Policy.pdf,pdf,1,granular_impact/data_ingestion/data/raw/Vacation_Policy.pdf,granular_impact/data_ingestion/data/markdown/Vacation_Policy_v1.md,Vacation Policy - Accrual Based,NA,Active
Email_Policy.pdf,pdf,1,granular_impact/data_ingestion/data/raw/Email_Policy.pdf,granular_impact/data_ingestion/data/markdown/Email_Policy_v1.md,Email Usage Policy,NA,Active
Parking_Policy.pdf,pdf,1,granular_impact/data_ingestion/data/raw/Parking_Policy.pdf,granular_impact/data_ingestion/data/markdown/Parking_Policy_v1.md,Employee Parking Policy,NA,Active
