source_id,answer_id,content_checksum,is_primary_source,contribution_weight,context_employed,is_valid,invalidation_reason,invalidated_by_change_id
1,1,b54c22ec37e28c72f242c5c96ba13a0d582cf14ad4bba7b39f24466911546ca1,1,1.0,"Time Off Policy section",1,,
2,2,b54c22ec37e28c72f242c5c96ba13a0d582cf14ad4bba7b39f24466911546ca1,1,1.0,"Work Schedule section",1,,
3,3,b54c22ec37e28c72f242c5c96ba13a0d582cf14ad4bba7b39f24466911546ca1,1,0.6,"Benefits Overview section",1,,
4,3,e4e657579f05c0b56e0cf9d2c3c60bcbfae818ac84cedd8bac7dc60c87d8db13,0,0.4,"Enrollment section",1,,
5,4,21f1d25d4f2dc7ce53d72cc050c32738362e1e12536d0b1a0fe14a1d691dfc37,1,1.0,"Password Standards section",1,,
6,5,21f1d25d4f2dc7ce53d72cc050c32738362e1e12536d0b1a0fe14a1d691dfc37,1,1.0,"Password Changes section",1,,
7,6,e4e657579f05c0b56e0cf9d2c3c60bcbfae818ac84cedd8bac7dc60c87d8db13,1,1.0,"Health Insurance Plans section",1,,
8,7,e4e657579f05c0b56e0cf9d2c3c60bcbfae818ac84cedd8bac7dc60c87d8db13,1,1.0,"Coverage section",1,,
9,8,e4e657579f05c0b56e0cf9d2c3c60bcbfae818ac84cedd8bac7dc60c87d8db13,1,1.0,"Enrollment section",1,,
10,9,21f1d25d4f2dc7ce53d72cc050c32738362e1e12536d0b1a0fe14a1d691dfc37,1,1.0,"Multi-Factor Authentication section",1,,
11,10,e4e657579f05c0b56e0cf9d2c3c60bcbfae818ac84cedd8bac7dc60c87d8db13,1,1.0,"Dependents section",1,,
12,11,b54c22ec37e28c72f242c5c96ba13a0d582cf14ad4bba7b39f24466911546ca1,1,1.0,"Time Off Policy section",1,,
13,12,b54c22ec37e28c72f242c5c96ba13a0d582cf14ad4bba7b39f24466911546ca1,1,0.7,"Benefits Overview section",1,,
14,12,e4e657579f05c0b56e0cf9d2c3c60bcbfae818ac84cedd8bac7dc60c87d8db13,0,0.3,"Enrollment section",1,,
15,13,b54c22ec37e28c72f242c5c96ba13a0d582cf14ad4bba7b39f24466911546ca1,1,0.5,"Benefits Overview section",1,,
16,13,e4e657579f05c0b56e0cf9d2c3c60bcbfae818ac84cedd8bac7dc60c87d8db13,0,0.5,"Coverage section",1,,
17,14,21f1d25d4f2dc7ce53d72cc050c32738362e1e12536d0b1a0fe14a1d691dfc37,1,1.0,"Multi-Factor Authentication section",1,,
