raw_file_nme,raw_file_type,raw_file_version_nbr,raw_file_path,extracted_markdown_file_path,title_nme,content_checksum,file_status
Employee_Handbook.pdf,pdf,2,granular_impact/data_ingestion/data/raw/Employee_Handbook.pdf,granular_impact/data_ingestion/data/markdown/Employee_Handbook_v2.md,Employee Handbook 2025 - Updated,NA,Active
IT_Security_Policy.pdf,pdf,2,granular_impact/data_ingestion/data/raw/IT_Security_Policy.pdf,granular_impact/data_ingestion/data/markdown/IT_Security_Policy_v2.md,IT Security Policy - Enhanced Password Requirements,NA,Active
Remote_Work_Policy.pdf,pdf,2,granular_impact/data_ingestion/data/raw/Remote_Work_Policy.pdf,granular_impact/data_ingestion/data/markdown/Remote_Work_Policy_v2.md,Remote Work Policy - Updated Guidelines (3 days/week),NA,Active
Travel_Policy.pdf,pdf,2,granular_impact/data_ingestion/data/raw/Travel_Policy.pdf,granular_impact/data_ingestion/data/markdown/Travel_Policy_v2.md,Business Travel Policy - Domestic and International,NA,Active
Parental_Leave.pdf,pdf,2,granular_impact/data_ingestion/data/raw/Parental_Leave.pdf,granular_impact/data_ingestion/data/markdown/Parental_Leave_v2.md,Parental Leave Policy - Enhanced Benefits (16 weeks),NA,Active
Workplace_Safety.pdf,pdf,1,granular_impact/data_ingestion/data/raw/Workplace_Safety.pdf,granular_impact/data_ingestion/data/markdown/Workplace_Safety_v1.md,Workplace Safety Guidelines - New Policy,NA,Active
Health_Insurance.pdf,pdf,2,granular_impact/data_ingestion/data/raw/Health_Insurance.pdf,granular_impact/data_ingestion/data/markdown/Health_Insurance_v2.md,Health Insurance Enrollment - Four Plans,NA,Active
Vacation_Policy.pdf,pdf,2,granular_impact/data_ingestion/data/raw/Vacation_Policy.pdf,granular_impact/data_ingestion/data/markdown/Vacation_Policy_v2.md,Unlimited Vacation Policy - New Version,NA,Active
Email_Policy.pdf,pdf,2,granular_impact/data_ingestion/data/raw/Email_Policy.pdf,granular_impact/data_ingestion/data/markdown/Email_Policy_v2.md,Email Usage Policy - Updated Wording,NA,Active
Equipment_Return.pdf,pdf,1,granular_impact/data_ingestion/data/raw/Equipment_Return.pdf,granular_impact/data_ingestion/data/markdown/Equipment_Return_v1.md,Equipment Return Policy - New,NA,Active
